""	"Chr"	"Start"	"End"	"Name"	"Band.type"	"Color"
"1"	"chr1"	0	2300000	"p36.33"	"gneg"	"#f7f7f7"
"2"	"chr1"	2300000	5400000	"p36.32"	"gpos25"	"#cccccc"
"3"	"chr1"	5400000	7200000	"p36.31"	"gneg"	"#f7f7f7"
"4"	"chr1"	7200000	9200000	"p36.23"	"gpos25"	"#cccccc"
"5"	"chr1"	9200000	12700000	"p36.22"	"gneg"	"#f7f7f7"
"6"	"chr1"	12700000	16200000	"p36.21"	"gpos50"	"#969696"
"7"	"chr1"	16200000	20400000	"p36.13"	"gneg"	"#f7f7f7"
"8"	"chr1"	20400000	23900000	"p36.12"	"gpos25"	"#cccccc"
"9"	"chr1"	23900000	28000000	"p36.11"	"gneg"	"#f7f7f7"
"10"	"chr1"	28000000	30200000	"p35.3"	"gpos25"	"#cccccc"
"11"	"chr1"	30200000	32400000	"p35.2"	"gneg"	"#f7f7f7"
"12"	"chr1"	32400000	34600000	"p35.1"	"gpos25"	"#cccccc"
"13"	"chr1"	34600000	40100000	"p34.3"	"gneg"	"#f7f7f7"
"14"	"chr1"	40100000	44100000	"p34.2"	"gpos25"	"#cccccc"
"15"	"chr1"	44100000	46800000	"p34.1"	"gneg"	"#f7f7f7"
"16"	"chr1"	46800000	50700000	"p33"	"gpos75"	"#636363"
"17"	"chr1"	50700000	56100000	"p32.3"	"gneg"	"#f7f7f7"
"18"	"chr1"	56100000	59000000	"p32.2"	"gpos50"	"#969696"
"19"	"chr1"	59000000	61300000	"p32.1"	"gneg"	"#f7f7f7"
"20"	"chr1"	61300000	68900000	"p31.3"	"gpos50"	"#969696"
"21"	"chr1"	68900000	69700000	"p31.2"	"gneg"	"#f7f7f7"
"22"	"chr1"	69700000	84900000	"p31.1"	"gpos100"	"#252525"
"23"	"chr1"	84900000	88400000	"p22.3"	"gneg"	"#f7f7f7"
"24"	"chr1"	88400000	92000000	"p22.2"	"gpos75"	"#636363"
"25"	"chr1"	92000000	94700000	"p22.1"	"gneg"	"#f7f7f7"
"26"	"chr1"	94700000	99700000	"p21.3"	"gpos75"	"#636363"
"27"	"chr1"	99700000	102200000	"p21.2"	"gneg"	"#f7f7f7"
"28"	"chr1"	102200000	107200000	"p21.1"	"gpos100"	"#252525"
"29"	"chr1"	107200000	111800000	"p13.3"	"gneg"	"#f7f7f7"
"30"	"chr1"	111800000	116100000	"p13.2"	"gpos50"	"#969696"
"31"	"chr1"	116100000	117800000	"p13.1"	"gneg"	"#f7f7f7"
"32"	"chr1"	117800000	120600000	"p12"	"gpos50"	"#969696"
"33"	"chr1"	120600000	121500000	"p11.2"	"gneg"	"#f7f7f7"
"34"	"chr1"	121500000	125000000	"p11.1"	"acen"	"#2b8cbe"
"35"	"chr1"	125000000	128900000	"q11"	"acen"	"#2b8cbe"
"36"	"chr1"	128900000	142600000	"q12"	"gvar"	"#045a8d"
"37"	"chr1"	142600000	147000000	"q21.1"	"gneg"	"#f7f7f7"
"38"	"chr1"	147000000	150300000	"q21.2"	"gpos50"	"#969696"
"39"	"chr1"	150300000	155000000	"q21.3"	"gneg"	"#f7f7f7"
"40"	"chr1"	155000000	156500000	"q22"	"gpos50"	"#969696"
"41"	"chr1"	156500000	159100000	"q23.1"	"gneg"	"#f7f7f7"
"42"	"chr1"	159100000	160500000	"q23.2"	"gpos50"	"#969696"
"43"	"chr1"	160500000	165500000	"q23.3"	"gneg"	"#f7f7f7"
"44"	"chr1"	165500000	167200000	"q24.1"	"gpos50"	"#969696"
"45"	"chr1"	167200000	170900000	"q24.2"	"gneg"	"#f7f7f7"
"46"	"chr1"	170900000	172900000	"q24.3"	"gpos75"	"#636363"
"47"	"chr1"	172900000	176000000	"q25.1"	"gneg"	"#f7f7f7"
"48"	"chr1"	176000000	180300000	"q25.2"	"gpos50"	"#969696"
"49"	"chr1"	180300000	185800000	"q25.3"	"gneg"	"#f7f7f7"
"50"	"chr1"	185800000	190800000	"q31.1"	"gpos100"	"#252525"
"51"	"chr1"	190800000	193800000	"q31.2"	"gneg"	"#f7f7f7"
"52"	"chr1"	193800000	198700000	"q31.3"	"gpos100"	"#252525"
"53"	"chr1"	198700000	207200000	"q32.1"	"gneg"	"#f7f7f7"
"54"	"chr1"	207200000	211500000	"q32.2"	"gpos25"	"#cccccc"
"55"	"chr1"	211500000	214500000	"q32.3"	"gneg"	"#f7f7f7"
"56"	"chr1"	214500000	224100000	"q41"	"gpos100"	"#252525"
"57"	"chr1"	224100000	224600000	"q42.11"	"gneg"	"#f7f7f7"
"58"	"chr1"	224600000	227000000	"q42.12"	"gpos25"	"#cccccc"
"59"	"chr1"	227000000	230700000	"q42.13"	"gneg"	"#f7f7f7"
"60"	"chr1"	230700000	234700000	"q42.2"	"gpos50"	"#969696"
"61"	"chr1"	234700000	236600000	"q42.3"	"gneg"	"#f7f7f7"
"62"	"chr1"	236600000	243700000	"q43"	"gpos75"	"#636363"
"63"	"chr1"	243700000	249250621	"q44"	"gneg"	"#f7f7f7"
"64"	"chr10"	0	3000000	"p15.3"	"gneg"	"#f7f7f7"
"65"	"chr10"	3000000	3800000	"p15.2"	"gpos25"	"#cccccc"
"66"	"chr10"	3800000	6600000	"p15.1"	"gneg"	"#f7f7f7"
"67"	"chr10"	6600000	12200000	"p14"	"gpos75"	"#636363"
"68"	"chr10"	12200000	17300000	"p13"	"gneg"	"#f7f7f7"
"69"	"chr10"	17300000	18600000	"p12.33"	"gpos75"	"#636363"
"70"	"chr10"	18600000	18700000	"p12.32"	"gneg"	"#f7f7f7"
"71"	"chr10"	18700000	22600000	"p12.31"	"gpos75"	"#636363"
"72"	"chr10"	22600000	24600000	"p12.2"	"gneg"	"#f7f7f7"
"73"	"chr10"	24600000	29600000	"p12.1"	"gpos50"	"#969696"
"74"	"chr10"	29600000	31300000	"p11.23"	"gneg"	"#f7f7f7"
"75"	"chr10"	31300000	34400000	"p11.22"	"gpos25"	"#cccccc"
"76"	"chr10"	34400000	38000000	"p11.21"	"gneg"	"#f7f7f7"
"77"	"chr10"	38000000	40200000	"p11.1"	"acen"	"#2b8cbe"
"78"	"chr10"	40200000	42300000	"q11.1"	"acen"	"#2b8cbe"
"79"	"chr10"	42300000	46100000	"q11.21"	"gneg"	"#f7f7f7"
"80"	"chr10"	46100000	49900000	"q11.22"	"gpos25"	"#cccccc"
"81"	"chr10"	49900000	52900000	"q11.23"	"gneg"	"#f7f7f7"
"82"	"chr10"	52900000	61200000	"q21.1"	"gpos100"	"#252525"
"83"	"chr10"	61200000	64500000	"q21.2"	"gneg"	"#f7f7f7"
"84"	"chr10"	64500000	70600000	"q21.3"	"gpos100"	"#252525"
"85"	"chr10"	70600000	74900000	"q22.1"	"gneg"	"#f7f7f7"
"86"	"chr10"	74900000	77700000	"q22.2"	"gpos50"	"#969696"
"87"	"chr10"	77700000	82000000	"q22.3"	"gneg"	"#f7f7f7"
"88"	"chr10"	82000000	87900000	"q23.1"	"gpos100"	"#252525"
"89"	"chr10"	87900000	89500000	"q23.2"	"gneg"	"#f7f7f7"
"90"	"chr10"	89500000	92900000	"q23.31"	"gpos75"	"#636363"
"91"	"chr10"	92900000	94100000	"q23.32"	"gneg"	"#f7f7f7"
"92"	"chr10"	94100000	97000000	"q23.33"	"gpos50"	"#969696"
"93"	"chr10"	97000000	99300000	"q24.1"	"gneg"	"#f7f7f7"
"94"	"chr10"	99300000	101900000	"q24.2"	"gpos50"	"#969696"
"95"	"chr10"	101900000	103000000	"q24.31"	"gneg"	"#f7f7f7"
"96"	"chr10"	103000000	104900000	"q24.32"	"gpos25"	"#cccccc"
"97"	"chr10"	104900000	105800000	"q24.33"	"gneg"	"#f7f7f7"
"98"	"chr10"	105800000	111900000	"q25.1"	"gpos100"	"#252525"
"99"	"chr10"	111900000	114900000	"q25.2"	"gneg"	"#f7f7f7"
"100"	"chr10"	114900000	119100000	"q25.3"	"gpos75"	"#636363"
"101"	"chr10"	119100000	121700000	"q26.11"	"gneg"	"#f7f7f7"
"102"	"chr10"	121700000	123100000	"q26.12"	"gpos50"	"#969696"
"103"	"chr10"	123100000	127500000	"q26.13"	"gneg"	"#f7f7f7"
"104"	"chr10"	127500000	130600000	"q26.2"	"gpos50"	"#969696"
"105"	"chr10"	130600000	135534747	"q26.3"	"gneg"	"#f7f7f7"
"106"	"chr11"	0	2800000	"p15.5"	"gneg"	"#f7f7f7"
"107"	"chr11"	2800000	10700000	"p15.4"	"gpos50"	"#969696"
"108"	"chr11"	10700000	12700000	"p15.3"	"gneg"	"#f7f7f7"
"109"	"chr11"	12700000	16200000	"p15.2"	"gpos50"	"#969696"
"110"	"chr11"	16200000	21700000	"p15.1"	"gneg"	"#f7f7f7"
"111"	"chr11"	21700000	26100000	"p14.3"	"gpos100"	"#252525"
"112"	"chr11"	26100000	27200000	"p14.2"	"gneg"	"#f7f7f7"
"113"	"chr11"	27200000	31000000	"p14.1"	"gpos75"	"#636363"
"114"	"chr11"	31000000	36400000	"p13"	"gneg"	"#f7f7f7"
"115"	"chr11"	36400000	43500000	"p12"	"gpos100"	"#252525"
"116"	"chr11"	43500000	48800000	"p11.2"	"gneg"	"#f7f7f7"
"117"	"chr11"	48800000	51600000	"p11.12"	"gpos75"	"#636363"
"118"	"chr11"	51600000	53700000	"p11.11"	"acen"	"#2b8cbe"
"119"	"chr11"	53700000	55700000	"q11"	"acen"	"#2b8cbe"
"120"	"chr11"	55700000	59900000	"q12.1"	"gpos75"	"#636363"
"121"	"chr11"	59900000	61700000	"q12.2"	"gneg"	"#f7f7f7"
"122"	"chr11"	61700000	63400000	"q12.3"	"gpos25"	"#cccccc"
"123"	"chr11"	63400000	65900000	"q13.1"	"gneg"	"#f7f7f7"
"124"	"chr11"	65900000	68400000	"q13.2"	"gpos25"	"#cccccc"
"125"	"chr11"	68400000	70400000	"q13.3"	"gneg"	"#f7f7f7"
"126"	"chr11"	70400000	75200000	"q13.4"	"gpos50"	"#969696"
"127"	"chr11"	75200000	77100000	"q13.5"	"gneg"	"#f7f7f7"
"128"	"chr11"	77100000	85600000	"q14.1"	"gpos100"	"#252525"
"129"	"chr11"	85600000	88300000	"q14.2"	"gneg"	"#f7f7f7"
"130"	"chr11"	88300000	92800000	"q14.3"	"gpos100"	"#252525"
"131"	"chr11"	92800000	97200000	"q21"	"gneg"	"#f7f7f7"
"132"	"chr11"	97200000	102100000	"q22.1"	"gpos100"	"#252525"
"133"	"chr11"	102100000	102900000	"q22.2"	"gneg"	"#f7f7f7"
"134"	"chr11"	102900000	110400000	"q22.3"	"gpos100"	"#252525"
"135"	"chr11"	110400000	112500000	"q23.1"	"gneg"	"#f7f7f7"
"136"	"chr11"	112500000	114500000	"q23.2"	"gpos50"	"#969696"
"137"	"chr11"	114500000	121200000	"q23.3"	"gneg"	"#f7f7f7"
"138"	"chr11"	121200000	123900000	"q24.1"	"gpos50"	"#969696"
"139"	"chr11"	123900000	127800000	"q24.2"	"gneg"	"#f7f7f7"
"140"	"chr11"	127800000	130800000	"q24.3"	"gpos50"	"#969696"
"141"	"chr11"	130800000	135006516	"q25"	"gneg"	"#f7f7f7"
"142"	"chr12"	0	3300000	"p13.33"	"gneg"	"#f7f7f7"
"143"	"chr12"	3300000	5400000	"p13.32"	"gpos25"	"#cccccc"
"144"	"chr12"	5400000	10100000	"p13.31"	"gneg"	"#f7f7f7"
"145"	"chr12"	10100000	12800000	"p13.2"	"gpos75"	"#636363"
"146"	"chr12"	12800000	14800000	"p13.1"	"gneg"	"#f7f7f7"
"147"	"chr12"	14800000	20000000	"p12.3"	"gpos100"	"#252525"
"148"	"chr12"	20000000	21300000	"p12.2"	"gneg"	"#f7f7f7"
"149"	"chr12"	21300000	26500000	"p12.1"	"gpos100"	"#252525"
"150"	"chr12"	26500000	27800000	"p11.23"	"gneg"	"#f7f7f7"
"151"	"chr12"	27800000	30700000	"p11.22"	"gpos50"	"#969696"
"152"	"chr12"	30700000	33300000	"p11.21"	"gneg"	"#f7f7f7"
"153"	"chr12"	33300000	35800000	"p11.1"	"acen"	"#2b8cbe"
"154"	"chr12"	35800000	38200000	"q11"	"acen"	"#2b8cbe"
"155"	"chr12"	38200000	46400000	"q12"	"gpos100"	"#252525"
"156"	"chr12"	46400000	49100000	"q13.11"	"gneg"	"#f7f7f7"
"157"	"chr12"	49100000	51500000	"q13.12"	"gpos25"	"#cccccc"
"158"	"chr12"	51500000	54900000	"q13.13"	"gneg"	"#f7f7f7"
"159"	"chr12"	54900000	56600000	"q13.2"	"gpos25"	"#cccccc"
"160"	"chr12"	56600000	58100000	"q13.3"	"gneg"	"#f7f7f7"
"161"	"chr12"	58100000	63100000	"q14.1"	"gpos75"	"#636363"
"162"	"chr12"	63100000	65100000	"q14.2"	"gneg"	"#f7f7f7"
"163"	"chr12"	65100000	67700000	"q14.3"	"gpos50"	"#969696"
"164"	"chr12"	67700000	71500000	"q15"	"gneg"	"#f7f7f7"
"165"	"chr12"	71500000	75700000	"q21.1"	"gpos75"	"#636363"
"166"	"chr12"	75700000	80300000	"q21.2"	"gneg"	"#f7f7f7"
"167"	"chr12"	80300000	86700000	"q21.31"	"gpos100"	"#252525"
"168"	"chr12"	86700000	89000000	"q21.32"	"gneg"	"#f7f7f7"
"169"	"chr12"	89000000	92600000	"q21.33"	"gpos100"	"#252525"
"170"	"chr12"	92600000	96200000	"q22"	"gneg"	"#f7f7f7"
"171"	"chr12"	96200000	101600000	"q23.1"	"gpos75"	"#636363"
"172"	"chr12"	101600000	103800000	"q23.2"	"gneg"	"#f7f7f7"
"173"	"chr12"	103800000	109000000	"q23.3"	"gpos50"	"#969696"
"174"	"chr12"	109000000	111700000	"q24.11"	"gneg"	"#f7f7f7"
"175"	"chr12"	111700000	112300000	"q24.12"	"gpos25"	"#cccccc"
"176"	"chr12"	112300000	114300000	"q24.13"	"gneg"	"#f7f7f7"
"177"	"chr12"	114300000	116800000	"q24.21"	"gpos50"	"#969696"
"178"	"chr12"	116800000	118100000	"q24.22"	"gneg"	"#f7f7f7"
"179"	"chr12"	118100000	120700000	"q24.23"	"gpos50"	"#969696"
"180"	"chr12"	120700000	125900000	"q24.31"	"gneg"	"#f7f7f7"
"181"	"chr12"	125900000	129300000	"q24.32"	"gpos50"	"#969696"
"182"	"chr12"	129300000	133851895	"q24.33"	"gneg"	"#f7f7f7"
"183"	"chr13"	0	4500000	"p13"	"gvar"	"#045a8d"
"184"	"chr13"	4500000	10000000	"p12"	"stalk"	"#be8c2b"
"185"	"chr13"	10000000	16300000	"p11.2"	"gvar"	"#045a8d"
"186"	"chr13"	16300000	17900000	"p11.1"	"acen"	"#2b8cbe"
"187"	"chr13"	17900000	19500000	"q11"	"acen"	"#2b8cbe"
"188"	"chr13"	19500000	23300000	"q12.11"	"gneg"	"#f7f7f7"
"189"	"chr13"	23300000	25500000	"q12.12"	"gpos25"	"#cccccc"
"190"	"chr13"	25500000	27800000	"q12.13"	"gneg"	"#f7f7f7"
"191"	"chr13"	27800000	28900000	"q12.2"	"gpos25"	"#cccccc"
"192"	"chr13"	28900000	32200000	"q12.3"	"gneg"	"#f7f7f7"
"193"	"chr13"	32200000	34000000	"q13.1"	"gpos50"	"#969696"
"194"	"chr13"	34000000	35500000	"q13.2"	"gneg"	"#f7f7f7"
"195"	"chr13"	35500000	40100000	"q13.3"	"gpos75"	"#636363"
"196"	"chr13"	40100000	45200000	"q14.11"	"gneg"	"#f7f7f7"
"197"	"chr13"	45200000	45800000	"q14.12"	"gpos25"	"#cccccc"
"198"	"chr13"	45800000	47300000	"q14.13"	"gneg"	"#f7f7f7"
"199"	"chr13"	47300000	50900000	"q14.2"	"gpos50"	"#969696"
"200"	"chr13"	50900000	55300000	"q14.3"	"gneg"	"#f7f7f7"
"201"	"chr13"	55300000	59600000	"q21.1"	"gpos100"	"#252525"
"202"	"chr13"	59600000	62300000	"q21.2"	"gneg"	"#f7f7f7"
"203"	"chr13"	62300000	65700000	"q21.31"	"gpos75"	"#636363"
"204"	"chr13"	65700000	68600000	"q21.32"	"gneg"	"#f7f7f7"
"205"	"chr13"	68600000	73300000	"q21.33"	"gpos100"	"#252525"
"206"	"chr13"	73300000	75400000	"q22.1"	"gneg"	"#f7f7f7"
"207"	"chr13"	75400000	77200000	"q22.2"	"gpos50"	"#969696"
"208"	"chr13"	77200000	79000000	"q22.3"	"gneg"	"#f7f7f7"
"209"	"chr13"	79000000	87700000	"q31.1"	"gpos100"	"#252525"
"210"	"chr13"	87700000	90000000	"q31.2"	"gneg"	"#f7f7f7"
"211"	"chr13"	90000000	95000000	"q31.3"	"gpos100"	"#252525"
"212"	"chr13"	95000000	98200000	"q32.1"	"gneg"	"#f7f7f7"
"213"	"chr13"	98200000	99300000	"q32.2"	"gpos25"	"#cccccc"
"214"	"chr13"	99300000	101700000	"q32.3"	"gneg"	"#f7f7f7"
"215"	"chr13"	101700000	104800000	"q33.1"	"gpos100"	"#252525"
"216"	"chr13"	104800000	107000000	"q33.2"	"gneg"	"#f7f7f7"
"217"	"chr13"	107000000	110300000	"q33.3"	"gpos100"	"#252525"
"218"	"chr13"	110300000	115169878	"q34"	"gneg"	"#f7f7f7"
"219"	"chr14"	0	3700000	"p13"	"gvar"	"#045a8d"
"220"	"chr14"	3700000	8100000	"p12"	"stalk"	"#be8c2b"
"221"	"chr14"	8100000	16100000	"p11.2"	"gvar"	"#045a8d"
"222"	"chr14"	16100000	17600000	"p11.1"	"acen"	"#2b8cbe"
"223"	"chr14"	17600000	19100000	"q11.1"	"acen"	"#2b8cbe"
"224"	"chr14"	19100000	24600000	"q11.2"	"gneg"	"#f7f7f7"
"225"	"chr14"	24600000	33300000	"q12"	"gpos100"	"#252525"
"226"	"chr14"	33300000	35300000	"q13.1"	"gneg"	"#f7f7f7"
"227"	"chr14"	35300000	36600000	"q13.2"	"gpos50"	"#969696"
"228"	"chr14"	36600000	37800000	"q13.3"	"gneg"	"#f7f7f7"
"229"	"chr14"	37800000	43500000	"q21.1"	"gpos100"	"#252525"
"230"	"chr14"	43500000	47200000	"q21.2"	"gneg"	"#f7f7f7"
"231"	"chr14"	47200000	50900000	"q21.3"	"gpos100"	"#252525"
"232"	"chr14"	50900000	54100000	"q22.1"	"gneg"	"#f7f7f7"
"233"	"chr14"	54100000	55500000	"q22.2"	"gpos25"	"#cccccc"
"234"	"chr14"	55500000	58100000	"q22.3"	"gneg"	"#f7f7f7"
"235"	"chr14"	58100000	62100000	"q23.1"	"gpos75"	"#636363"
"236"	"chr14"	62100000	64800000	"q23.2"	"gneg"	"#f7f7f7"
"237"	"chr14"	64800000	67900000	"q23.3"	"gpos50"	"#969696"
"238"	"chr14"	67900000	70200000	"q24.1"	"gneg"	"#f7f7f7"
"239"	"chr14"	70200000	73800000	"q24.2"	"gpos50"	"#969696"
"240"	"chr14"	73800000	79300000	"q24.3"	"gneg"	"#f7f7f7"
"241"	"chr14"	79300000	83600000	"q31.1"	"gpos100"	"#252525"
"242"	"chr14"	83600000	84900000	"q31.2"	"gneg"	"#f7f7f7"
"243"	"chr14"	84900000	89800000	"q31.3"	"gpos100"	"#252525"
"244"	"chr14"	89800000	91900000	"q32.11"	"gneg"	"#f7f7f7"
"245"	"chr14"	91900000	94700000	"q32.12"	"gpos25"	"#cccccc"
"246"	"chr14"	94700000	96300000	"q32.13"	"gneg"	"#f7f7f7"
"247"	"chr14"	96300000	101400000	"q32.2"	"gpos50"	"#969696"
"248"	"chr14"	101400000	103200000	"q32.31"	"gneg"	"#f7f7f7"
"249"	"chr14"	103200000	104000000	"q32.32"	"gpos50"	"#969696"
"250"	"chr14"	104000000	107349540	"q32.33"	"gneg"	"#f7f7f7"
"251"	"chr15"	0	3900000	"p13"	"gvar"	"#045a8d"
"252"	"chr15"	3900000	8700000	"p12"	"stalk"	"#be8c2b"
"253"	"chr15"	8700000	15800000	"p11.2"	"gvar"	"#045a8d"
"254"	"chr15"	15800000	19000000	"p11.1"	"acen"	"#2b8cbe"
"255"	"chr15"	19000000	20700000	"q11.1"	"acen"	"#2b8cbe"
"256"	"chr15"	20700000	25700000	"q11.2"	"gneg"	"#f7f7f7"
"257"	"chr15"	25700000	28100000	"q12"	"gpos50"	"#969696"
"258"	"chr15"	28100000	30300000	"q13.1"	"gneg"	"#f7f7f7"
"259"	"chr15"	30300000	31200000	"q13.2"	"gpos50"	"#969696"
"260"	"chr15"	31200000	33600000	"q13.3"	"gneg"	"#f7f7f7"
"261"	"chr15"	33600000	40100000	"q14"	"gpos75"	"#636363"
"262"	"chr15"	40100000	42800000	"q15.1"	"gneg"	"#f7f7f7"
"263"	"chr15"	42800000	43600000	"q15.2"	"gpos25"	"#cccccc"
"264"	"chr15"	43600000	44800000	"q15.3"	"gneg"	"#f7f7f7"
"265"	"chr15"	44800000	49500000	"q21.1"	"gpos75"	"#636363"
"266"	"chr15"	49500000	52900000	"q21.2"	"gneg"	"#f7f7f7"
"267"	"chr15"	52900000	59100000	"q21.3"	"gpos75"	"#636363"
"268"	"chr15"	59100000	59300000	"q22.1"	"gneg"	"#f7f7f7"
"269"	"chr15"	59300000	63700000	"q22.2"	"gpos25"	"#cccccc"
"270"	"chr15"	63700000	67200000	"q22.31"	"gneg"	"#f7f7f7"
"271"	"chr15"	67200000	67300000	"q22.32"	"gpos25"	"#cccccc"
"272"	"chr15"	67300000	67500000	"q22.33"	"gneg"	"#f7f7f7"
"273"	"chr15"	67500000	72700000	"q23"	"gpos25"	"#cccccc"
"274"	"chr15"	72700000	75200000	"q24.1"	"gneg"	"#f7f7f7"
"275"	"chr15"	75200000	76600000	"q24.2"	"gpos25"	"#cccccc"
"276"	"chr15"	76600000	78300000	"q24.3"	"gneg"	"#f7f7f7"
"277"	"chr15"	78300000	81700000	"q25.1"	"gpos50"	"#969696"
"278"	"chr15"	81700000	85200000	"q25.2"	"gneg"	"#f7f7f7"
"279"	"chr15"	85200000	89100000	"q25.3"	"gpos50"	"#969696"
"280"	"chr15"	89100000	94300000	"q26.1"	"gneg"	"#f7f7f7"
"281"	"chr15"	94300000	98500000	"q26.2"	"gpos50"	"#969696"
"282"	"chr15"	98500000	102531392	"q26.3"	"gneg"	"#f7f7f7"
"283"	"chr16"	0	7900000	"p13.3"	"gneg"	"#f7f7f7"
"284"	"chr16"	7900000	10500000	"p13.2"	"gpos50"	"#969696"
"285"	"chr16"	10500000	12600000	"p13.13"	"gneg"	"#f7f7f7"
"286"	"chr16"	12600000	14800000	"p13.12"	"gpos50"	"#969696"
"287"	"chr16"	14800000	16800000	"p13.11"	"gneg"	"#f7f7f7"
"288"	"chr16"	16800000	21200000	"p12.3"	"gpos50"	"#969696"
"289"	"chr16"	21200000	24200000	"p12.2"	"gneg"	"#f7f7f7"
"290"	"chr16"	24200000	28100000	"p12.1"	"gpos50"	"#969696"
"291"	"chr16"	28100000	34600000	"p11.2"	"gneg"	"#f7f7f7"
"292"	"chr16"	34600000	36600000	"p11.1"	"acen"	"#2b8cbe"
"293"	"chr16"	36600000	38600000	"q11.1"	"acen"	"#2b8cbe"
"294"	"chr16"	38600000	47000000	"q11.2"	"gvar"	"#045a8d"
"295"	"chr16"	47000000	52600000	"q12.1"	"gneg"	"#f7f7f7"
"296"	"chr16"	52600000	56700000	"q12.2"	"gpos50"	"#969696"
"297"	"chr16"	56700000	57400000	"q13"	"gneg"	"#f7f7f7"
"298"	"chr16"	57400000	66700000	"q21"	"gpos100"	"#252525"
"299"	"chr16"	66700000	70800000	"q22.1"	"gneg"	"#f7f7f7"
"300"	"chr16"	70800000	72900000	"q22.2"	"gpos50"	"#969696"
"301"	"chr16"	72900000	74100000	"q22.3"	"gneg"	"#f7f7f7"
"302"	"chr16"	74100000	79200000	"q23.1"	"gpos75"	"#636363"
"303"	"chr16"	79200000	81700000	"q23.2"	"gneg"	"#f7f7f7"
"304"	"chr16"	81700000	84200000	"q23.3"	"gpos50"	"#969696"
"305"	"chr16"	84200000	87100000	"q24.1"	"gneg"	"#f7f7f7"
"306"	"chr16"	87100000	88700000	"q24.2"	"gpos25"	"#cccccc"
"307"	"chr16"	88700000	90354753	"q24.3"	"gneg"	"#f7f7f7"
"308"	"chr17"	0	3300000	"p13.3"	"gneg"	"#f7f7f7"
"309"	"chr17"	3300000	6500000	"p13.2"	"gpos50"	"#969696"
"310"	"chr17"	6500000	10700000	"p13.1"	"gneg"	"#f7f7f7"
"311"	"chr17"	10700000	16000000	"p12"	"gpos75"	"#636363"
"312"	"chr17"	16000000	22200000	"p11.2"	"gneg"	"#f7f7f7"
"313"	"chr17"	22200000	24000000	"p11.1"	"acen"	"#2b8cbe"
"314"	"chr17"	24000000	25800000	"q11.1"	"acen"	"#2b8cbe"
"315"	"chr17"	25800000	31800000	"q11.2"	"gneg"	"#f7f7f7"
"316"	"chr17"	31800000	38100000	"q12"	"gpos50"	"#969696"
"317"	"chr17"	38100000	38400000	"q21.1"	"gneg"	"#f7f7f7"
"318"	"chr17"	38400000	40900000	"q21.2"	"gpos25"	"#cccccc"
"319"	"chr17"	40900000	44900000	"q21.31"	"gneg"	"#f7f7f7"
"320"	"chr17"	44900000	47400000	"q21.32"	"gpos25"	"#cccccc"
"321"	"chr17"	47400000	50200000	"q21.33"	"gneg"	"#f7f7f7"
"322"	"chr17"	50200000	57600000	"q22"	"gpos75"	"#636363"
"323"	"chr17"	57600000	58300000	"q23.1"	"gneg"	"#f7f7f7"
"324"	"chr17"	58300000	61100000	"q23.2"	"gpos75"	"#636363"
"325"	"chr17"	61100000	62600000	"q23.3"	"gneg"	"#f7f7f7"
"326"	"chr17"	62600000	64200000	"q24.1"	"gpos50"	"#969696"
"327"	"chr17"	64200000	67100000	"q24.2"	"gneg"	"#f7f7f7"
"328"	"chr17"	67100000	70900000	"q24.3"	"gpos75"	"#636363"
"329"	"chr17"	70900000	74800000	"q25.1"	"gneg"	"#f7f7f7"
"330"	"chr17"	74800000	75300000	"q25.2"	"gpos25"	"#cccccc"
"331"	"chr17"	75300000	81195210	"q25.3"	"gneg"	"#f7f7f7"
"332"	"chr18"	0	2900000	"p11.32"	"gneg"	"#f7f7f7"
"333"	"chr18"	2900000	7100000	"p11.31"	"gpos50"	"#969696"
"334"	"chr18"	7100000	8500000	"p11.23"	"gneg"	"#f7f7f7"
"335"	"chr18"	8500000	10900000	"p11.22"	"gpos25"	"#cccccc"
"336"	"chr18"	10900000	15400000	"p11.21"	"gneg"	"#f7f7f7"
"337"	"chr18"	15400000	17200000	"p11.1"	"acen"	"#2b8cbe"
"338"	"chr18"	17200000	19000000	"q11.1"	"acen"	"#2b8cbe"
"339"	"chr18"	19000000	25000000	"q11.2"	"gneg"	"#f7f7f7"
"340"	"chr18"	25000000	32700000	"q12.1"	"gpos100"	"#252525"
"341"	"chr18"	32700000	37200000	"q12.2"	"gneg"	"#f7f7f7"
"342"	"chr18"	37200000	43500000	"q12.3"	"gpos75"	"#636363"
"343"	"chr18"	43500000	48200000	"q21.1"	"gneg"	"#f7f7f7"
"344"	"chr18"	48200000	53800000	"q21.2"	"gpos75"	"#636363"
"345"	"chr18"	53800000	56200000	"q21.31"	"gneg"	"#f7f7f7"
"346"	"chr18"	56200000	59000000	"q21.32"	"gpos50"	"#969696"
"347"	"chr18"	59000000	61600000	"q21.33"	"gneg"	"#f7f7f7"
"348"	"chr18"	61600000	66800000	"q22.1"	"gpos100"	"#252525"
"349"	"chr18"	66800000	68700000	"q22.2"	"gneg"	"#f7f7f7"
"350"	"chr18"	68700000	73100000	"q22.3"	"gpos25"	"#cccccc"
"351"	"chr18"	73100000	78077248	"q23"	"gneg"	"#f7f7f7"
"352"	"chr19"	0	6900000	"p13.3"	"gneg"	"#f7f7f7"
"353"	"chr19"	6900000	13900000	"p13.2"	"gpos25"	"#cccccc"
"354"	"chr19"	13900000	14000000	"p13.13"	"gneg"	"#f7f7f7"
"355"	"chr19"	14000000	16300000	"p13.12"	"gpos25"	"#cccccc"
"356"	"chr19"	16300000	20000000	"p13.11"	"gneg"	"#f7f7f7"
"357"	"chr19"	20000000	24400000	"p12"	"gvar"	"#045a8d"
"358"	"chr19"	24400000	26500000	"p11"	"acen"	"#2b8cbe"
"359"	"chr19"	26500000	28600000	"q11"	"acen"	"#2b8cbe"
"360"	"chr19"	28600000	32400000	"q12"	"gvar"	"#045a8d"
"361"	"chr19"	32400000	35500000	"q13.11"	"gneg"	"#f7f7f7"
"362"	"chr19"	35500000	38300000	"q13.12"	"gpos25"	"#cccccc"
"363"	"chr19"	38300000	38700000	"q13.13"	"gneg"	"#f7f7f7"
"364"	"chr19"	38700000	43400000	"q13.2"	"gpos25"	"#cccccc"
"365"	"chr19"	43400000	45200000	"q13.31"	"gneg"	"#f7f7f7"
"366"	"chr19"	45200000	48000000	"q13.32"	"gpos25"	"#cccccc"
"367"	"chr19"	48000000	51400000	"q13.33"	"gneg"	"#f7f7f7"
"368"	"chr19"	51400000	53600000	"q13.41"	"gpos25"	"#cccccc"
"369"	"chr19"	53600000	56300000	"q13.42"	"gneg"	"#f7f7f7"
"370"	"chr19"	56300000	59128983	"q13.43"	"gpos25"	"#cccccc"
"371"	"chr2"	0	4400000	"p25.3"	"gneg"	"#f7f7f7"
"372"	"chr2"	4400000	7100000	"p25.2"	"gpos50"	"#969696"
"373"	"chr2"	7100000	12200000	"p25.1"	"gneg"	"#f7f7f7"
"374"	"chr2"	12200000	16700000	"p24.3"	"gpos75"	"#636363"
"375"	"chr2"	16700000	19200000	"p24.2"	"gneg"	"#f7f7f7"
"376"	"chr2"	19200000	24000000	"p24.1"	"gpos75"	"#636363"
"377"	"chr2"	24000000	27900000	"p23.3"	"gneg"	"#f7f7f7"
"378"	"chr2"	27900000	30000000	"p23.2"	"gpos25"	"#cccccc"
"379"	"chr2"	30000000	32100000	"p23.1"	"gneg"	"#f7f7f7"
"380"	"chr2"	32100000	36600000	"p22.3"	"gpos75"	"#636363"
"381"	"chr2"	36600000	38600000	"p22.2"	"gneg"	"#f7f7f7"
"382"	"chr2"	38600000	41800000	"p22.1"	"gpos50"	"#969696"
"383"	"chr2"	41800000	47800000	"p21"	"gneg"	"#f7f7f7"
"384"	"chr2"	47800000	52900000	"p16.3"	"gpos100"	"#252525"
"385"	"chr2"	52900000	55000000	"p16.2"	"gneg"	"#f7f7f7"
"386"	"chr2"	55000000	61300000	"p16.1"	"gpos100"	"#252525"
"387"	"chr2"	61300000	64100000	"p15"	"gneg"	"#f7f7f7"
"388"	"chr2"	64100000	68600000	"p14"	"gpos50"	"#969696"
"389"	"chr2"	68600000	71500000	"p13.3"	"gneg"	"#f7f7f7"
"390"	"chr2"	71500000	73500000	"p13.2"	"gpos50"	"#969696"
"391"	"chr2"	73500000	75000000	"p13.1"	"gneg"	"#f7f7f7"
"392"	"chr2"	75000000	83300000	"p12"	"gpos100"	"#252525"
"393"	"chr2"	83300000	90500000	"p11.2"	"gneg"	"#f7f7f7"
"394"	"chr2"	90500000	93300000	"p11.1"	"acen"	"#2b8cbe"
"395"	"chr2"	93300000	96800000	"q11.1"	"acen"	"#2b8cbe"
"396"	"chr2"	96800000	102700000	"q11.2"	"gneg"	"#f7f7f7"
"397"	"chr2"	102700000	106000000	"q12.1"	"gpos50"	"#969696"
"398"	"chr2"	106000000	107500000	"q12.2"	"gneg"	"#f7f7f7"
"399"	"chr2"	107500000	110200000	"q12.3"	"gpos25"	"#cccccc"
"400"	"chr2"	110200000	114400000	"q13"	"gneg"	"#f7f7f7"
"401"	"chr2"	114400000	118800000	"q14.1"	"gpos50"	"#969696"
"402"	"chr2"	118800000	122400000	"q14.2"	"gneg"	"#f7f7f7"
"403"	"chr2"	122400000	129900000	"q14.3"	"gpos50"	"#969696"
"404"	"chr2"	129900000	132500000	"q21.1"	"gneg"	"#f7f7f7"
"405"	"chr2"	132500000	135100000	"q21.2"	"gpos25"	"#cccccc"
"406"	"chr2"	135100000	136800000	"q21.3"	"gneg"	"#f7f7f7"
"407"	"chr2"	136800000	142200000	"q22.1"	"gpos100"	"#252525"
"408"	"chr2"	142200000	144100000	"q22.2"	"gneg"	"#f7f7f7"
"409"	"chr2"	144100000	148700000	"q22.3"	"gpos100"	"#252525"
"410"	"chr2"	148700000	149900000	"q23.1"	"gneg"	"#f7f7f7"
"411"	"chr2"	149900000	150500000	"q23.2"	"gpos25"	"#cccccc"
"412"	"chr2"	150500000	154900000	"q23.3"	"gneg"	"#f7f7f7"
"413"	"chr2"	154900000	159800000	"q24.1"	"gpos75"	"#636363"
"414"	"chr2"	159800000	163700000	"q24.2"	"gneg"	"#f7f7f7"
"415"	"chr2"	163700000	169700000	"q24.3"	"gpos75"	"#636363"
"416"	"chr2"	169700000	178000000	"q31.1"	"gneg"	"#f7f7f7"
"417"	"chr2"	178000000	180600000	"q31.2"	"gpos50"	"#969696"
"418"	"chr2"	180600000	183000000	"q31.3"	"gneg"	"#f7f7f7"
"419"	"chr2"	183000000	189400000	"q32.1"	"gpos75"	"#636363"
"420"	"chr2"	189400000	191900000	"q32.2"	"gneg"	"#f7f7f7"
"421"	"chr2"	191900000	197400000	"q32.3"	"gpos75"	"#636363"
"422"	"chr2"	197400000	203300000	"q33.1"	"gneg"	"#f7f7f7"
"423"	"chr2"	203300000	204900000	"q33.2"	"gpos50"	"#969696"
"424"	"chr2"	204900000	209000000	"q33.3"	"gneg"	"#f7f7f7"
"425"	"chr2"	209000000	215300000	"q34"	"gpos100"	"#252525"
"426"	"chr2"	215300000	221500000	"q35"	"gneg"	"#f7f7f7"
"427"	"chr2"	221500000	225200000	"q36.1"	"gpos75"	"#636363"
"428"	"chr2"	225200000	226100000	"q36.2"	"gneg"	"#f7f7f7"
"429"	"chr2"	226100000	231000000	"q36.3"	"gpos100"	"#252525"
"430"	"chr2"	231000000	235600000	"q37.1"	"gneg"	"#f7f7f7"
"431"	"chr2"	235600000	237300000	"q37.2"	"gpos50"	"#969696"
"432"	"chr2"	237300000	243199373	"q37.3"	"gneg"	"#f7f7f7"
"433"	"chr20"	0	5100000	"p13"	"gneg"	"#f7f7f7"
"434"	"chr20"	5100000	9200000	"p12.3"	"gpos75"	"#636363"
"435"	"chr20"	9200000	12100000	"p12.2"	"gneg"	"#f7f7f7"
"436"	"chr20"	12100000	17900000	"p12.1"	"gpos75"	"#636363"
"437"	"chr20"	17900000	21300000	"p11.23"	"gneg"	"#f7f7f7"
"438"	"chr20"	21300000	22300000	"p11.22"	"gpos25"	"#cccccc"
"439"	"chr20"	22300000	25600000	"p11.21"	"gneg"	"#f7f7f7"
"440"	"chr20"	25600000	27500000	"p11.1"	"acen"	"#2b8cbe"
"441"	"chr20"	27500000	29400000	"q11.1"	"acen"	"#2b8cbe"
"442"	"chr20"	29400000	32100000	"q11.21"	"gneg"	"#f7f7f7"
"443"	"chr20"	32100000	34400000	"q11.22"	"gpos25"	"#cccccc"
"444"	"chr20"	34400000	37600000	"q11.23"	"gneg"	"#f7f7f7"
"445"	"chr20"	37600000	41700000	"q12"	"gpos75"	"#636363"
"446"	"chr20"	41700000	42100000	"q13.11"	"gneg"	"#f7f7f7"
"447"	"chr20"	42100000	46400000	"q13.12"	"gpos25"	"#cccccc"
"448"	"chr20"	46400000	49800000	"q13.13"	"gneg"	"#f7f7f7"
"449"	"chr20"	49800000	55000000	"q13.2"	"gpos75"	"#636363"
"450"	"chr20"	55000000	56500000	"q13.31"	"gneg"	"#f7f7f7"
"451"	"chr20"	56500000	58400000	"q13.32"	"gpos50"	"#969696"
"452"	"chr20"	58400000	63025520	"q13.33"	"gneg"	"#f7f7f7"
"453"	"chr21"	0	2800000	"p13"	"gvar"	"#045a8d"
"454"	"chr21"	2800000	6800000	"p12"	"stalk"	"#be8c2b"
"455"	"chr21"	6800000	10900000	"p11.2"	"gvar"	"#045a8d"
"456"	"chr21"	10900000	13200000	"p11.1"	"acen"	"#2b8cbe"
"457"	"chr21"	13200000	14300000	"q11.1"	"acen"	"#2b8cbe"
"458"	"chr21"	14300000	16400000	"q11.2"	"gneg"	"#f7f7f7"
"459"	"chr21"	16400000	24000000	"q21.1"	"gpos100"	"#252525"
"460"	"chr21"	24000000	26800000	"q21.2"	"gneg"	"#f7f7f7"
"461"	"chr21"	26800000	31500000	"q21.3"	"gpos75"	"#636363"
"462"	"chr21"	31500000	35800000	"q22.11"	"gneg"	"#f7f7f7"
"463"	"chr21"	35800000	37800000	"q22.12"	"gpos50"	"#969696"
"464"	"chr21"	37800000	39700000	"q22.13"	"gneg"	"#f7f7f7"
"465"	"chr21"	39700000	42600000	"q22.2"	"gpos50"	"#969696"
"466"	"chr21"	42600000	48129895	"q22.3"	"gneg"	"#f7f7f7"
"467"	"chr22"	0	3800000	"p13"	"gvar"	"#045a8d"
"468"	"chr22"	3800000	8300000	"p12"	"stalk"	"#be8c2b"
"469"	"chr22"	8300000	12200000	"p11.2"	"gvar"	"#045a8d"
"470"	"chr22"	12200000	14700000	"p11.1"	"acen"	"#2b8cbe"
"471"	"chr22"	14700000	17900000	"q11.1"	"acen"	"#2b8cbe"
"472"	"chr22"	17900000	22200000	"q11.21"	"gneg"	"#f7f7f7"
"473"	"chr22"	22200000	23500000	"q11.22"	"gpos25"	"#cccccc"
"474"	"chr22"	23500000	25900000	"q11.23"	"gneg"	"#f7f7f7"
"475"	"chr22"	25900000	29600000	"q12.1"	"gpos50"	"#969696"
"476"	"chr22"	29600000	32200000	"q12.2"	"gneg"	"#f7f7f7"
"477"	"chr22"	32200000	37600000	"q12.3"	"gpos50"	"#969696"
"478"	"chr22"	37600000	41000000	"q13.1"	"gneg"	"#f7f7f7"
"479"	"chr22"	41000000	44200000	"q13.2"	"gpos50"	"#969696"
"480"	"chr22"	44200000	48400000	"q13.31"	"gneg"	"#f7f7f7"
"481"	"chr22"	48400000	49400000	"q13.32"	"gpos50"	"#969696"
"482"	"chr22"	49400000	51304566	"q13.33"	"gneg"	"#f7f7f7"
"483"	"chr3"	0	2800000	"p26.3"	"gpos50"	"#969696"
"484"	"chr3"	2800000	4000000	"p26.2"	"gneg"	"#f7f7f7"
"485"	"chr3"	4000000	8700000	"p26.1"	"gpos50"	"#969696"
"486"	"chr3"	8700000	11800000	"p25.3"	"gneg"	"#f7f7f7"
"487"	"chr3"	11800000	13300000	"p25.2"	"gpos25"	"#cccccc"
"488"	"chr3"	13300000	16400000	"p25.1"	"gneg"	"#f7f7f7"
"489"	"chr3"	16400000	23900000	"p24.3"	"gpos100"	"#252525"
"490"	"chr3"	23900000	26400000	"p24.2"	"gneg"	"#f7f7f7"
"491"	"chr3"	26400000	30900000	"p24.1"	"gpos75"	"#636363"
"492"	"chr3"	30900000	32100000	"p23"	"gneg"	"#f7f7f7"
"493"	"chr3"	32100000	36500000	"p22.3"	"gpos50"	"#969696"
"494"	"chr3"	36500000	39400000	"p22.2"	"gneg"	"#f7f7f7"
"495"	"chr3"	39400000	43700000	"p22.1"	"gpos75"	"#636363"
"496"	"chr3"	43700000	44100000	"p21.33"	"gneg"	"#f7f7f7"
"497"	"chr3"	44100000	44200000	"p21.32"	"gpos50"	"#969696"
"498"	"chr3"	44200000	50600000	"p21.31"	"gneg"	"#f7f7f7"
"499"	"chr3"	50600000	52300000	"p21.2"	"gpos25"	"#cccccc"
"500"	"chr3"	52300000	54400000	"p21.1"	"gneg"	"#f7f7f7"
"501"	"chr3"	54400000	58600000	"p14.3"	"gpos50"	"#969696"
"502"	"chr3"	58600000	63700000	"p14.2"	"gneg"	"#f7f7f7"
"503"	"chr3"	63700000	69800000	"p14.1"	"gpos50"	"#969696"
"504"	"chr3"	69800000	74200000	"p13"	"gneg"	"#f7f7f7"
"505"	"chr3"	74200000	79800000	"p12.3"	"gpos75"	"#636363"
"506"	"chr3"	79800000	83500000	"p12.2"	"gneg"	"#f7f7f7"
"507"	"chr3"	83500000	87200000	"p12.1"	"gpos75"	"#636363"
"508"	"chr3"	87200000	87900000	"p11.2"	"gneg"	"#f7f7f7"
"509"	"chr3"	87900000	91000000	"p11.1"	"acen"	"#2b8cbe"
"510"	"chr3"	91000000	93900000	"q11.1"	"acen"	"#2b8cbe"
"511"	"chr3"	93900000	98300000	"q11.2"	"gvar"	"#045a8d"
"512"	"chr3"	98300000	100000000	"q12.1"	"gneg"	"#f7f7f7"
"513"	"chr3"	100000000	100900000	"q12.2"	"gpos25"	"#cccccc"
"514"	"chr3"	100900000	102800000	"q12.3"	"gneg"	"#f7f7f7"
"515"	"chr3"	102800000	106200000	"q13.11"	"gpos75"	"#636363"
"516"	"chr3"	106200000	107900000	"q13.12"	"gneg"	"#f7f7f7"
"517"	"chr3"	107900000	111300000	"q13.13"	"gpos50"	"#969696"
"518"	"chr3"	111300000	113500000	"q13.2"	"gneg"	"#f7f7f7"
"519"	"chr3"	113500000	117300000	"q13.31"	"gpos75"	"#636363"
"520"	"chr3"	117300000	119000000	"q13.32"	"gneg"	"#f7f7f7"
"521"	"chr3"	119000000	121900000	"q13.33"	"gpos75"	"#636363"
"522"	"chr3"	121900000	123800000	"q21.1"	"gneg"	"#f7f7f7"
"523"	"chr3"	123800000	125800000	"q21.2"	"gpos25"	"#cccccc"
"524"	"chr3"	125800000	129200000	"q21.3"	"gneg"	"#f7f7f7"
"525"	"chr3"	129200000	133700000	"q22.1"	"gpos25"	"#cccccc"
"526"	"chr3"	133700000	135700000	"q22.2"	"gneg"	"#f7f7f7"
"527"	"chr3"	135700000	138700000	"q22.3"	"gpos25"	"#cccccc"
"528"	"chr3"	138700000	142800000	"q23"	"gneg"	"#f7f7f7"
"529"	"chr3"	142800000	148900000	"q24"	"gpos100"	"#252525"
"530"	"chr3"	148900000	152100000	"q25.1"	"gneg"	"#f7f7f7"
"531"	"chr3"	152100000	155000000	"q25.2"	"gpos50"	"#969696"
"532"	"chr3"	155000000	157000000	"q25.31"	"gneg"	"#f7f7f7"
"533"	"chr3"	157000000	159000000	"q25.32"	"gpos50"	"#969696"
"534"	"chr3"	159000000	160700000	"q25.33"	"gneg"	"#f7f7f7"
"535"	"chr3"	160700000	167600000	"q26.1"	"gpos100"	"#252525"
"536"	"chr3"	167600000	170900000	"q26.2"	"gneg"	"#f7f7f7"
"537"	"chr3"	170900000	175700000	"q26.31"	"gpos75"	"#636363"
"538"	"chr3"	175700000	179000000	"q26.32"	"gneg"	"#f7f7f7"
"539"	"chr3"	179000000	182700000	"q26.33"	"gpos75"	"#636363"
"540"	"chr3"	182700000	184500000	"q27.1"	"gneg"	"#f7f7f7"
"541"	"chr3"	184500000	186000000	"q27.2"	"gpos25"	"#cccccc"
"542"	"chr3"	186000000	187900000	"q27.3"	"gneg"	"#f7f7f7"
"543"	"chr3"	187900000	192300000	"q28"	"gpos75"	"#636363"
"544"	"chr3"	192300000	198022430	"q29"	"gneg"	"#f7f7f7"
"545"	"chr4"	0	4500000	"p16.3"	"gneg"	"#f7f7f7"
"546"	"chr4"	4500000	6000000	"p16.2"	"gpos25"	"#cccccc"
"547"	"chr4"	6000000	11300000	"p16.1"	"gneg"	"#f7f7f7"
"548"	"chr4"	11300000	15200000	"p15.33"	"gpos50"	"#969696"
"549"	"chr4"	15200000	17800000	"p15.32"	"gneg"	"#f7f7f7"
"550"	"chr4"	17800000	21300000	"p15.31"	"gpos75"	"#636363"
"551"	"chr4"	21300000	27700000	"p15.2"	"gneg"	"#f7f7f7"
"552"	"chr4"	27700000	35800000	"p15.1"	"gpos100"	"#252525"
"553"	"chr4"	35800000	41200000	"p14"	"gneg"	"#f7f7f7"
"554"	"chr4"	41200000	44600000	"p13"	"gpos50"	"#969696"
"555"	"chr4"	44600000	48200000	"p12"	"gneg"	"#f7f7f7"
"556"	"chr4"	48200000	50400000	"p11"	"acen"	"#2b8cbe"
"557"	"chr4"	50400000	52700000	"q11"	"acen"	"#2b8cbe"
"558"	"chr4"	52700000	59500000	"q12"	"gneg"	"#f7f7f7"
"559"	"chr4"	59500000	66600000	"q13.1"	"gpos100"	"#252525"
"560"	"chr4"	66600000	70500000	"q13.2"	"gneg"	"#f7f7f7"
"561"	"chr4"	70500000	76300000	"q13.3"	"gpos75"	"#636363"
"562"	"chr4"	76300000	78900000	"q21.1"	"gneg"	"#f7f7f7"
"563"	"chr4"	78900000	82400000	"q21.21"	"gpos50"	"#969696"
"564"	"chr4"	82400000	84100000	"q21.22"	"gneg"	"#f7f7f7"
"565"	"chr4"	84100000	86900000	"q21.23"	"gpos25"	"#cccccc"
"566"	"chr4"	86900000	88000000	"q21.3"	"gneg"	"#f7f7f7"
"567"	"chr4"	88000000	93700000	"q22.1"	"gpos75"	"#636363"
"568"	"chr4"	93700000	95100000	"q22.2"	"gneg"	"#f7f7f7"
"569"	"chr4"	95100000	98800000	"q22.3"	"gpos75"	"#636363"
"570"	"chr4"	98800000	101100000	"q23"	"gneg"	"#f7f7f7"
"571"	"chr4"	101100000	107700000	"q24"	"gpos50"	"#969696"
"572"	"chr4"	107700000	114100000	"q25"	"gneg"	"#f7f7f7"
"573"	"chr4"	114100000	120800000	"q26"	"gpos75"	"#636363"
"574"	"chr4"	120800000	123800000	"q27"	"gneg"	"#f7f7f7"
"575"	"chr4"	123800000	128800000	"q28.1"	"gpos50"	"#969696"
"576"	"chr4"	128800000	131100000	"q28.2"	"gneg"	"#f7f7f7"
"577"	"chr4"	131100000	139500000	"q28.3"	"gpos100"	"#252525"
"578"	"chr4"	139500000	141500000	"q31.1"	"gneg"	"#f7f7f7"
"579"	"chr4"	141500000	146800000	"q31.21"	"gpos25"	"#cccccc"
"580"	"chr4"	146800000	148500000	"q31.22"	"gneg"	"#f7f7f7"
"581"	"chr4"	148500000	151100000	"q31.23"	"gpos25"	"#cccccc"
"582"	"chr4"	151100000	155600000	"q31.3"	"gneg"	"#f7f7f7"
"583"	"chr4"	155600000	161800000	"q32.1"	"gpos100"	"#252525"
"584"	"chr4"	161800000	164500000	"q32.2"	"gneg"	"#f7f7f7"
"585"	"chr4"	164500000	170100000	"q32.3"	"gpos100"	"#252525"
"586"	"chr4"	170100000	171900000	"q33"	"gneg"	"#f7f7f7"
"587"	"chr4"	171900000	176300000	"q34.1"	"gpos75"	"#636363"
"588"	"chr4"	176300000	177500000	"q34.2"	"gneg"	"#f7f7f7"
"589"	"chr4"	177500000	183200000	"q34.3"	"gpos100"	"#252525"
"590"	"chr4"	183200000	187100000	"q35.1"	"gneg"	"#f7f7f7"
"591"	"chr4"	187100000	191154276	"q35.2"	"gpos25"	"#cccccc"
"592"	"chr5"	0	4500000	"p15.33"	"gneg"	"#f7f7f7"
"593"	"chr5"	4500000	6300000	"p15.32"	"gpos25"	"#cccccc"
"594"	"chr5"	6300000	9800000	"p15.31"	"gneg"	"#f7f7f7"
"595"	"chr5"	9800000	15000000	"p15.2"	"gpos50"	"#969696"
"596"	"chr5"	15000000	18400000	"p15.1"	"gneg"	"#f7f7f7"
"597"	"chr5"	18400000	23300000	"p14.3"	"gpos100"	"#252525"
"598"	"chr5"	23300000	24600000	"p14.2"	"gneg"	"#f7f7f7"
"599"	"chr5"	24600000	28900000	"p14.1"	"gpos100"	"#252525"
"600"	"chr5"	28900000	33800000	"p13.3"	"gneg"	"#f7f7f7"
"601"	"chr5"	33800000	38400000	"p13.2"	"gpos25"	"#cccccc"
"602"	"chr5"	38400000	42500000	"p13.1"	"gneg"	"#f7f7f7"
"603"	"chr5"	42500000	46100000	"p12"	"gpos50"	"#969696"
"604"	"chr5"	46100000	48400000	"p11"	"acen"	"#2b8cbe"
"605"	"chr5"	48400000	50700000	"q11.1"	"acen"	"#2b8cbe"
"606"	"chr5"	50700000	58900000	"q11.2"	"gneg"	"#f7f7f7"
"607"	"chr5"	58900000	62900000	"q12.1"	"gpos75"	"#636363"
"608"	"chr5"	62900000	63200000	"q12.2"	"gneg"	"#f7f7f7"
"609"	"chr5"	63200000	66700000	"q12.3"	"gpos75"	"#636363"
"610"	"chr5"	66700000	68400000	"q13.1"	"gneg"	"#f7f7f7"
"611"	"chr5"	68400000	73300000	"q13.2"	"gpos50"	"#969696"
"612"	"chr5"	73300000	76900000	"q13.3"	"gneg"	"#f7f7f7"
"613"	"chr5"	76900000	81400000	"q14.1"	"gpos50"	"#969696"
"614"	"chr5"	81400000	82800000	"q14.2"	"gneg"	"#f7f7f7"
"615"	"chr5"	82800000	92300000	"q14.3"	"gpos100"	"#252525"
"616"	"chr5"	92300000	98200000	"q15"	"gneg"	"#f7f7f7"
"617"	"chr5"	98200000	102800000	"q21.1"	"gpos100"	"#252525"
"618"	"chr5"	102800000	104500000	"q21.2"	"gneg"	"#f7f7f7"
"619"	"chr5"	104500000	109600000	"q21.3"	"gpos100"	"#252525"
"620"	"chr5"	109600000	111500000	"q22.1"	"gneg"	"#f7f7f7"
"621"	"chr5"	111500000	113100000	"q22.2"	"gpos50"	"#969696"
"622"	"chr5"	113100000	115200000	"q22.3"	"gneg"	"#f7f7f7"
"623"	"chr5"	115200000	121400000	"q23.1"	"gpos100"	"#252525"
"624"	"chr5"	121400000	127300000	"q23.2"	"gneg"	"#f7f7f7"
"625"	"chr5"	127300000	130600000	"q23.3"	"gpos100"	"#252525"
"626"	"chr5"	130600000	136200000	"q31.1"	"gneg"	"#f7f7f7"
"627"	"chr5"	136200000	139500000	"q31.2"	"gpos25"	"#cccccc"
"628"	"chr5"	139500000	144500000	"q31.3"	"gneg"	"#f7f7f7"
"629"	"chr5"	144500000	149800000	"q32"	"gpos75"	"#636363"
"630"	"chr5"	149800000	152700000	"q33.1"	"gneg"	"#f7f7f7"
"631"	"chr5"	152700000	155700000	"q33.2"	"gpos50"	"#969696"
"632"	"chr5"	155700000	159900000	"q33.3"	"gneg"	"#f7f7f7"
"633"	"chr5"	159900000	168500000	"q34"	"gpos100"	"#252525"
"634"	"chr5"	168500000	172800000	"q35.1"	"gneg"	"#f7f7f7"
"635"	"chr5"	172800000	176600000	"q35.2"	"gpos25"	"#cccccc"
"636"	"chr5"	176600000	180915260	"q35.3"	"gneg"	"#f7f7f7"
"637"	"chr6"	0	2300000	"p25.3"	"gneg"	"#f7f7f7"
"638"	"chr6"	2300000	4200000	"p25.2"	"gpos25"	"#cccccc"
"639"	"chr6"	4200000	7100000	"p25.1"	"gneg"	"#f7f7f7"
"640"	"chr6"	7100000	10600000	"p24.3"	"gpos50"	"#969696"
"641"	"chr6"	10600000	11600000	"p24.2"	"gneg"	"#f7f7f7"
"642"	"chr6"	11600000	13400000	"p24.1"	"gpos25"	"#cccccc"
"643"	"chr6"	13400000	15200000	"p23"	"gneg"	"#f7f7f7"
"644"	"chr6"	15200000	25200000	"p22.3"	"gpos75"	"#636363"
"645"	"chr6"	25200000	27000000	"p22.2"	"gneg"	"#f7f7f7"
"646"	"chr6"	27000000	30400000	"p22.1"	"gpos50"	"#969696"
"647"	"chr6"	30400000	32100000	"p21.33"	"gneg"	"#f7f7f7"
"648"	"chr6"	32100000	33500000	"p21.32"	"gpos25"	"#cccccc"
"649"	"chr6"	33500000	36600000	"p21.31"	"gneg"	"#f7f7f7"
"650"	"chr6"	36600000	40500000	"p21.2"	"gpos25"	"#cccccc"
"651"	"chr6"	40500000	46200000	"p21.1"	"gneg"	"#f7f7f7"
"652"	"chr6"	46200000	51800000	"p12.3"	"gpos100"	"#252525"
"653"	"chr6"	51800000	52900000	"p12.2"	"gneg"	"#f7f7f7"
"654"	"chr6"	52900000	57000000	"p12.1"	"gpos100"	"#252525"
"655"	"chr6"	57000000	58700000	"p11.2"	"gneg"	"#f7f7f7"
"656"	"chr6"	58700000	61000000	"p11.1"	"acen"	"#2b8cbe"
"657"	"chr6"	61000000	63300000	"q11.1"	"acen"	"#2b8cbe"
"658"	"chr6"	63300000	63400000	"q11.2"	"gneg"	"#f7f7f7"
"659"	"chr6"	63400000	70000000	"q12"	"gpos100"	"#252525"
"660"	"chr6"	70000000	75900000	"q13"	"gneg"	"#f7f7f7"
"661"	"chr6"	75900000	83900000	"q14.1"	"gpos50"	"#969696"
"662"	"chr6"	83900000	84900000	"q14.2"	"gneg"	"#f7f7f7"
"663"	"chr6"	84900000	88000000	"q14.3"	"gpos50"	"#969696"
"664"	"chr6"	88000000	93100000	"q15"	"gneg"	"#f7f7f7"
"665"	"chr6"	93100000	99500000	"q16.1"	"gpos100"	"#252525"
"666"	"chr6"	99500000	100600000	"q16.2"	"gneg"	"#f7f7f7"
"667"	"chr6"	100600000	105500000	"q16.3"	"gpos100"	"#252525"
"668"	"chr6"	105500000	114600000	"q21"	"gneg"	"#f7f7f7"
"669"	"chr6"	114600000	118300000	"q22.1"	"gpos75"	"#636363"
"670"	"chr6"	118300000	118500000	"q22.2"	"gneg"	"#f7f7f7"
"671"	"chr6"	118500000	126100000	"q22.31"	"gpos100"	"#252525"
"672"	"chr6"	126100000	127100000	"q22.32"	"gneg"	"#f7f7f7"
"673"	"chr6"	127100000	130300000	"q22.33"	"gpos75"	"#636363"
"674"	"chr6"	130300000	131200000	"q23.1"	"gneg"	"#f7f7f7"
"675"	"chr6"	131200000	135200000	"q23.2"	"gpos50"	"#969696"
"676"	"chr6"	135200000	139000000	"q23.3"	"gneg"	"#f7f7f7"
"677"	"chr6"	139000000	142800000	"q24.1"	"gpos75"	"#636363"
"678"	"chr6"	142800000	145600000	"q24.2"	"gneg"	"#f7f7f7"
"679"	"chr6"	145600000	149000000	"q24.3"	"gpos75"	"#636363"
"680"	"chr6"	149000000	152500000	"q25.1"	"gneg"	"#f7f7f7"
"681"	"chr6"	152500000	155500000	"q25.2"	"gpos50"	"#969696"
"682"	"chr6"	155500000	161000000	"q25.3"	"gneg"	"#f7f7f7"
"683"	"chr6"	161000000	164500000	"q26"	"gpos50"	"#969696"
"684"	"chr6"	164500000	171115067	"q27"	"gneg"	"#f7f7f7"
"685"	"chr7"	0	2800000	"p22.3"	"gneg"	"#f7f7f7"
"686"	"chr7"	2800000	4500000	"p22.2"	"gpos25"	"#cccccc"
"687"	"chr7"	4500000	7300000	"p22.1"	"gneg"	"#f7f7f7"
"688"	"chr7"	7300000	13800000	"p21.3"	"gpos100"	"#252525"
"689"	"chr7"	13800000	16500000	"p21.2"	"gneg"	"#f7f7f7"
"690"	"chr7"	16500000	20900000	"p21.1"	"gpos100"	"#252525"
"691"	"chr7"	20900000	25500000	"p15.3"	"gneg"	"#f7f7f7"
"692"	"chr7"	25500000	28000000	"p15.2"	"gpos50"	"#969696"
"693"	"chr7"	28000000	28800000	"p15.1"	"gneg"	"#f7f7f7"
"694"	"chr7"	28800000	35000000	"p14.3"	"gpos75"	"#636363"
"695"	"chr7"	35000000	37200000	"p14.2"	"gneg"	"#f7f7f7"
"696"	"chr7"	37200000	43300000	"p14.1"	"gpos75"	"#636363"
"697"	"chr7"	43300000	45400000	"p13"	"gneg"	"#f7f7f7"
"698"	"chr7"	45400000	49000000	"p12.3"	"gpos75"	"#636363"
"699"	"chr7"	49000000	50500000	"p12.2"	"gneg"	"#f7f7f7"
"700"	"chr7"	50500000	54000000	"p12.1"	"gpos75"	"#636363"
"701"	"chr7"	54000000	58000000	"p11.2"	"gneg"	"#f7f7f7"
"702"	"chr7"	58000000	59900000	"p11.1"	"acen"	"#2b8cbe"
"703"	"chr7"	59900000	61700000	"q11.1"	"acen"	"#2b8cbe"
"704"	"chr7"	61700000	67000000	"q11.21"	"gneg"	"#f7f7f7"
"705"	"chr7"	67000000	72200000	"q11.22"	"gpos50"	"#969696"
"706"	"chr7"	72200000	77500000	"q11.23"	"gneg"	"#f7f7f7"
"707"	"chr7"	77500000	86400000	"q21.11"	"gpos100"	"#252525"
"708"	"chr7"	86400000	88200000	"q21.12"	"gneg"	"#f7f7f7"
"709"	"chr7"	88200000	91100000	"q21.13"	"gpos75"	"#636363"
"710"	"chr7"	91100000	92800000	"q21.2"	"gneg"	"#f7f7f7"
"711"	"chr7"	92800000	98000000	"q21.3"	"gpos75"	"#636363"
"712"	"chr7"	98000000	103800000	"q22.1"	"gneg"	"#f7f7f7"
"713"	"chr7"	103800000	104500000	"q22.2"	"gpos50"	"#969696"
"714"	"chr7"	104500000	107400000	"q22.3"	"gneg"	"#f7f7f7"
"715"	"chr7"	107400000	114600000	"q31.1"	"gpos75"	"#636363"
"716"	"chr7"	114600000	117400000	"q31.2"	"gneg"	"#f7f7f7"
"717"	"chr7"	117400000	121100000	"q31.31"	"gpos75"	"#636363"
"718"	"chr7"	121100000	123800000	"q31.32"	"gneg"	"#f7f7f7"
"719"	"chr7"	123800000	127100000	"q31.33"	"gpos75"	"#636363"
"720"	"chr7"	127100000	129200000	"q32.1"	"gneg"	"#f7f7f7"
"721"	"chr7"	129200000	130400000	"q32.2"	"gpos25"	"#cccccc"
"722"	"chr7"	130400000	132600000	"q32.3"	"gneg"	"#f7f7f7"
"723"	"chr7"	132600000	138200000	"q33"	"gpos50"	"#969696"
"724"	"chr7"	138200000	143100000	"q34"	"gneg"	"#f7f7f7"
"725"	"chr7"	143100000	147900000	"q35"	"gpos75"	"#636363"
"726"	"chr7"	147900000	152600000	"q36.1"	"gneg"	"#f7f7f7"
"727"	"chr7"	152600000	155100000	"q36.2"	"gpos25"	"#cccccc"
"728"	"chr7"	155100000	159138663	"q36.3"	"gneg"	"#f7f7f7"
"729"	"chr8"	0	2200000	"p23.3"	"gneg"	"#f7f7f7"
"730"	"chr8"	2200000	6200000	"p23.2"	"gpos75"	"#636363"
"731"	"chr8"	6200000	12700000	"p23.1"	"gneg"	"#f7f7f7"
"732"	"chr8"	12700000	19000000	"p22"	"gpos100"	"#252525"
"733"	"chr8"	19000000	23300000	"p21.3"	"gneg"	"#f7f7f7"
"734"	"chr8"	23300000	27400000	"p21.2"	"gpos50"	"#969696"
"735"	"chr8"	27400000	28800000	"p21.1"	"gneg"	"#f7f7f7"
"736"	"chr8"	28800000	36500000	"p12"	"gpos75"	"#636363"
"737"	"chr8"	36500000	38300000	"p11.23"	"gneg"	"#f7f7f7"
"738"	"chr8"	38300000	39700000	"p11.22"	"gpos25"	"#cccccc"
"739"	"chr8"	39700000	43100000	"p11.21"	"gneg"	"#f7f7f7"
"740"	"chr8"	43100000	45600000	"p11.1"	"acen"	"#2b8cbe"
"741"	"chr8"	45600000	48100000	"q11.1"	"acen"	"#2b8cbe"
"742"	"chr8"	48100000	52200000	"q11.21"	"gneg"	"#f7f7f7"
"743"	"chr8"	52200000	52600000	"q11.22"	"gpos75"	"#636363"
"744"	"chr8"	52600000	55500000	"q11.23"	"gneg"	"#f7f7f7"
"745"	"chr8"	55500000	61600000	"q12.1"	"gpos50"	"#969696"
"746"	"chr8"	61600000	62200000	"q12.2"	"gneg"	"#f7f7f7"
"747"	"chr8"	62200000	66000000	"q12.3"	"gpos50"	"#969696"
"748"	"chr8"	66000000	68000000	"q13.1"	"gneg"	"#f7f7f7"
"749"	"chr8"	68000000	70500000	"q13.2"	"gpos50"	"#969696"
"750"	"chr8"	70500000	73900000	"q13.3"	"gneg"	"#f7f7f7"
"751"	"chr8"	73900000	78300000	"q21.11"	"gpos100"	"#252525"
"752"	"chr8"	78300000	80100000	"q21.12"	"gneg"	"#f7f7f7"
"753"	"chr8"	80100000	84600000	"q21.13"	"gpos75"	"#636363"
"754"	"chr8"	84600000	86900000	"q21.2"	"gneg"	"#f7f7f7"
"755"	"chr8"	86900000	93300000	"q21.3"	"gpos100"	"#252525"
"756"	"chr8"	93300000	99000000	"q22.1"	"gneg"	"#f7f7f7"
"757"	"chr8"	99000000	101600000	"q22.2"	"gpos25"	"#cccccc"
"758"	"chr8"	101600000	106200000	"q22.3"	"gneg"	"#f7f7f7"
"759"	"chr8"	106200000	110500000	"q23.1"	"gpos75"	"#636363"
"760"	"chr8"	110500000	112100000	"q23.2"	"gneg"	"#f7f7f7"
"761"	"chr8"	112100000	117700000	"q23.3"	"gpos100"	"#252525"
"762"	"chr8"	117700000	119200000	"q24.11"	"gneg"	"#f7f7f7"
"763"	"chr8"	119200000	122500000	"q24.12"	"gpos50"	"#969696"
"764"	"chr8"	122500000	127300000	"q24.13"	"gneg"	"#f7f7f7"
"765"	"chr8"	127300000	131500000	"q24.21"	"gpos50"	"#969696"
"766"	"chr8"	131500000	136400000	"q24.22"	"gneg"	"#f7f7f7"
"767"	"chr8"	136400000	139900000	"q24.23"	"gpos75"	"#636363"
"768"	"chr8"	139900000	146364022	"q24.3"	"gneg"	"#f7f7f7"
"769"	"chr9"	0	2200000	"p24.3"	"gneg"	"#f7f7f7"
"770"	"chr9"	2200000	4600000	"p24.2"	"gpos25"	"#cccccc"
"771"	"chr9"	4600000	9000000	"p24.1"	"gneg"	"#f7f7f7"
"772"	"chr9"	9000000	14200000	"p23"	"gpos75"	"#636363"
"773"	"chr9"	14200000	16600000	"p22.3"	"gneg"	"#f7f7f7"
"774"	"chr9"	16600000	18500000	"p22.2"	"gpos25"	"#cccccc"
"775"	"chr9"	18500000	19900000	"p22.1"	"gneg"	"#f7f7f7"
"776"	"chr9"	19900000	25600000	"p21.3"	"gpos100"	"#252525"
"777"	"chr9"	25600000	28000000	"p21.2"	"gneg"	"#f7f7f7"
"778"	"chr9"	28000000	33200000	"p21.1"	"gpos100"	"#252525"
"779"	"chr9"	33200000	36300000	"p13.3"	"gneg"	"#f7f7f7"
"780"	"chr9"	36300000	38400000	"p13.2"	"gpos25"	"#cccccc"
"781"	"chr9"	38400000	41000000	"p13.1"	"gneg"	"#f7f7f7"
"782"	"chr9"	41000000	43600000	"p12"	"gpos50"	"#969696"
"783"	"chr9"	43600000	47300000	"p11.2"	"gneg"	"#f7f7f7"
"784"	"chr9"	47300000	49000000	"p11.1"	"acen"	"#2b8cbe"
"785"	"chr9"	49000000	50700000	"q11"	"acen"	"#2b8cbe"
"786"	"chr9"	50700000	65900000	"q12"	"gvar"	"#045a8d"
"787"	"chr9"	65900000	68700000	"q13"	"gneg"	"#f7f7f7"
"788"	"chr9"	68700000	72200000	"q21.11"	"gpos25"	"#cccccc"
"789"	"chr9"	72200000	74000000	"q21.12"	"gneg"	"#f7f7f7"
"790"	"chr9"	74000000	79200000	"q21.13"	"gpos50"	"#969696"
"791"	"chr9"	79200000	81100000	"q21.2"	"gneg"	"#f7f7f7"
"792"	"chr9"	81100000	84100000	"q21.31"	"gpos50"	"#969696"
"793"	"chr9"	84100000	86900000	"q21.32"	"gneg"	"#f7f7f7"
"794"	"chr9"	86900000	90400000	"q21.33"	"gpos50"	"#969696"
"795"	"chr9"	90400000	91800000	"q22.1"	"gneg"	"#f7f7f7"
"796"	"chr9"	91800000	93900000	"q22.2"	"gpos25"	"#cccccc"
"797"	"chr9"	93900000	96600000	"q22.31"	"gneg"	"#f7f7f7"
"798"	"chr9"	96600000	99300000	"q22.32"	"gpos25"	"#cccccc"
"799"	"chr9"	99300000	102600000	"q22.33"	"gneg"	"#f7f7f7"
"800"	"chr9"	102600000	108200000	"q31.1"	"gpos100"	"#252525"
"801"	"chr9"	108200000	111300000	"q31.2"	"gneg"	"#f7f7f7"
"802"	"chr9"	111300000	114900000	"q31.3"	"gpos25"	"#cccccc"
"803"	"chr9"	114900000	117700000	"q32"	"gneg"	"#f7f7f7"
"804"	"chr9"	117700000	122500000	"q33.1"	"gpos75"	"#636363"
"805"	"chr9"	122500000	125800000	"q33.2"	"gneg"	"#f7f7f7"
"806"	"chr9"	125800000	130300000	"q33.3"	"gpos25"	"#cccccc"
"807"	"chr9"	130300000	133500000	"q34.11"	"gneg"	"#f7f7f7"
"808"	"chr9"	133500000	134000000	"q34.12"	"gpos25"	"#cccccc"
"809"	"chr9"	134000000	135900000	"q34.13"	"gneg"	"#f7f7f7"
"810"	"chr9"	135900000	137400000	"q34.2"	"gpos25"	"#cccccc"
"811"	"chr9"	137400000	141213431	"q34.3"	"gneg"	"#f7f7f7"
"812"	"chrX"	0	4300000	"p22.33"	"gneg"	"#f7f7f7"
"813"	"chrX"	4300000	6000000	"p22.32"	"gpos50"	"#969696"
"814"	"chrX"	6000000	9500000	"p22.31"	"gneg"	"#f7f7f7"
"815"	"chrX"	9500000	17100000	"p22.2"	"gpos50"	"#969696"
"816"	"chrX"	17100000	19300000	"p22.13"	"gneg"	"#f7f7f7"
"817"	"chrX"	19300000	21900000	"p22.12"	"gpos50"	"#969696"
"818"	"chrX"	21900000	24900000	"p22.11"	"gneg"	"#f7f7f7"
"819"	"chrX"	24900000	29300000	"p21.3"	"gpos100"	"#252525"
"820"	"chrX"	29300000	31500000	"p21.2"	"gneg"	"#f7f7f7"
"821"	"chrX"	31500000	37600000	"p21.1"	"gpos100"	"#252525"
"822"	"chrX"	37600000	42400000	"p11.4"	"gneg"	"#f7f7f7"
"823"	"chrX"	42400000	46400000	"p11.3"	"gpos75"	"#636363"
"824"	"chrX"	46400000	49800000	"p11.23"	"gneg"	"#f7f7f7"
"825"	"chrX"	49800000	54800000	"p11.22"	"gpos25"	"#cccccc"
"826"	"chrX"	54800000	58100000	"p11.21"	"gneg"	"#f7f7f7"
"827"	"chrX"	58100000	60600000	"p11.1"	"acen"	"#2b8cbe"
"828"	"chrX"	60600000	63000000	"q11.1"	"acen"	"#2b8cbe"
"829"	"chrX"	63000000	64600000	"q11.2"	"gneg"	"#f7f7f7"
"830"	"chrX"	64600000	67800000	"q12"	"gpos50"	"#969696"
"831"	"chrX"	67800000	71800000	"q13.1"	"gneg"	"#f7f7f7"
"832"	"chrX"	71800000	73900000	"q13.2"	"gpos50"	"#969696"
"833"	"chrX"	73900000	76000000	"q13.3"	"gneg"	"#f7f7f7"
"834"	"chrX"	76000000	84600000	"q21.1"	"gpos100"	"#252525"
"835"	"chrX"	84600000	86200000	"q21.2"	"gneg"	"#f7f7f7"
"836"	"chrX"	86200000	91800000	"q21.31"	"gpos100"	"#252525"
"837"	"chrX"	91800000	93500000	"q21.32"	"gneg"	"#f7f7f7"
"838"	"chrX"	93500000	98300000	"q21.33"	"gpos75"	"#636363"
"839"	"chrX"	98300000	102600000	"q22.1"	"gneg"	"#f7f7f7"
"840"	"chrX"	102600000	103700000	"q22.2"	"gpos50"	"#969696"
"841"	"chrX"	103700000	108700000	"q22.3"	"gneg"	"#f7f7f7"
"842"	"chrX"	108700000	116500000	"q23"	"gpos75"	"#636363"
"843"	"chrX"	116500000	120900000	"q24"	"gneg"	"#f7f7f7"
"844"	"chrX"	120900000	128700000	"q25"	"gpos100"	"#252525"
"845"	"chrX"	128700000	130400000	"q26.1"	"gneg"	"#f7f7f7"
"846"	"chrX"	130400000	133600000	"q26.2"	"gpos25"	"#cccccc"
"847"	"chrX"	133600000	138000000	"q26.3"	"gneg"	"#f7f7f7"
"848"	"chrX"	138000000	140300000	"q27.1"	"gpos75"	"#636363"
"849"	"chrX"	140300000	142100000	"q27.2"	"gneg"	"#f7f7f7"
"850"	"chrX"	142100000	147100000	"q27.3"	"gpos100"	"#252525"
"851"	"chrX"	147100000	155270560	"q28"	"gneg"	"#f7f7f7"
"852"	"chrY"	0	2500000	"p11.32"	"gneg"	"#f7f7f7"
"853"	"chrY"	2500000	3000000	"p11.31"	"gpos50"	"#969696"
"854"	"chrY"	3000000	11600000	"p11.2"	"gneg"	"#f7f7f7"
"855"	"chrY"	11600000	12500000	"p11.1"	"acen"	"#2b8cbe"
"856"	"chrY"	12500000	13400000	"q11.1"	"acen"	"#2b8cbe"
"857"	"chrY"	13400000	15100000	"q11.21"	"gneg"	"#f7f7f7"
"858"	"chrY"	15100000	19800000	"q11.221"	"gpos50"	"#969696"
"859"	"chrY"	19800000	22100000	"q11.222"	"gneg"	"#f7f7f7"
"860"	"chrY"	22100000	26200000	"q11.223"	"gpos50"	"#969696"
"861"	"chrY"	26200000	28800000	"q11.23"	"gneg"	"#f7f7f7"
"862"	"chrY"	28800000	59373566	"q12"	"gvar"	"#045a8d"
